{
  "accuracy": 0.9214395742893152,
  "precision_weighted": 0.9217606165365664,
  "recall_weighted": 0.9214395742893152,
  "f1_score_weighted": 0.9203018756479427,
  "per_class_metrics": {
    "standing": {
      "precision": 0.8839857651245552,
      "recall": 0.9366515837104072,
      "f1_score": 0.909556938850238,
      "support": 1326
    },
    "sitting": {
      "precision": 0.9318357862122386,
      "recall": 0.8826118855465884,
      "f1_score": 0.9065561416729465,
      "support": 1363
    },
    "walking": {
      "precision": 0.9163957268927079,
      "recall": 0.9757665677546983,
      "f1_score": 0.9451497005988024,
      "support": 2022
    },
    "jogging": {
      "precision": 0.9613601236476044,
      "recall": 0.9452887537993921,
      "f1_score": 0.9532567049808429,
      "support": 1316
    },
    "falling": {
      "precision": 0.8947368421052632,
      "recall": 0.7227891156462585,
      "f1_score": 0.7996237064910631,
      "support": 588
    },
    "jumping": {
      "precision": 0.9426386233269598,
      "recall": 0.9372623574144486,
      "f1_score": 0.9399428026692088,
      "support": 526
    }
  },
  "confusion_matrix": {
    "raw": [
      [
        1242,
        37,
        40,
        0,
        7,
        0
      ],
      [
        130,
        1203,
        10,
        0,
        20,
        0
      ],
      [
        22,
        11,
        1973,
        11,
        5,
        0
      ],
      [
        1,
        1,
        43,
        1244,
        10,
        17
      ],
      [
        6,
        38,
        84,
        22,
        425,
        13
      ],
      [
        4,
        1,
        3,
        17,
        8,
        493
      ]
    ],
    "percentage": [
      [
        93.66515837104072,
        2.790346907993967,
        3.0165912518853695,
        0.0,
        0.5279034690799397,
        0.0
      ],
      [
        9.537784299339693,
        88.26118855465884,
        0.7336757153338225,
        0.0,
        1.467351430667645,
        0.0
      ],
      [
        1.0880316518298714,
        0.5440158259149357,
        97.57665677546983,
        0.5440158259149357,
        0.2472799208704253,
        0.0
      ],
      [
        0.07598784194528875,
        0.07598784194528875,
        3.2674772036474162,
        94.52887537993921,
        0.7598784194528876,
        1.2917933130699089
      ],
      [
        1.0204081632653061,
        6.462585034013606,
        14.285714285714285,
        3.741496598639456,
        72.27891156462584,
        2.2108843537414966
      ],
      [
        0.7604562737642585,
        0.19011406844106463,
        0.5703422053231939,
        3.2319391634980987,
        1.520912547528517,
        93.72623574144487
      ]
    ]
  },
  "classification_report": {
    "standing": {
      "precision": 0.8839857651245552,
      "recall": 0.9366515837104072,
      "f1-score": 0.909556938850238,
      "support": 1326.0
    },
    "sitting": {
      "precision": 0.9318357862122386,
      "recall": 0.8826118855465884,
      "f1-score": 0.9065561416729465,
      "support": 1363.0
    },
    "walking": {
      "precision": 0.9163957268927079,
      "recall": 0.9757665677546983,
      "f1-score": 0.9451497005988024,
      "support": 2022.0
    },
    "jogging": {
      "precision": 0.9613601236476044,
      "recall": 0.9452887537993921,
      "f1-score": 0.9532567049808429,
      "support": 1316.0
    },
    "falling": {
      "precision": 0.8947368421052632,
      "recall": 0.7227891156462585,
      "f1-score": 0.7996237064910631,
      "support": 588.0
    },
    "jumping": {
      "precision": 0.9426386233269598,
      "recall": 0.9372623574144486,
      "f1-score": 0.9399428026692088,
      "support": 526.0
    },
    "accuracy": 0.9214395742893152,
    "macro avg": {
      "precision": 0.9218254778848881,
      "recall": 0.9000617106452989,
      "f1-score": 0.9090143325438503,
      "support": 7141.0
    },
    "weighted avg": {
      "precision": 0.9217606165365664,
      "recall": 0.9214395742893152,
      "f1-score": 0.9203018756479427,
      "support": 7141.0
    }
  },
  "inference_time": {
    "average_ms_per_sample": 2.1645408123731613,
    "std_ms": 0.38805251903779003,
    "min_ms": 1.7775818705558777,
    "max_ms": 4.322357475757599,
    "median_ms": 2.0443201065063477,
    "batch_size": 32
  },
  "flops": 0,
  "model_parameters": {
    "total_parameters": 3048,
    "trainable_parameters": 3038,
    "non_trainable_parameters": 10
  },
  "data_shape": {
    "X_test": [
      7141,
      32,
      6
    ],
    "y_test": [
      7141
    ]
  },
  "class_names": [
    "standing",
    "sitting",
    "walking",
    "jogging",
    "falling",
    "jumping"
  ]
}